Year;Month;Day;Hour;Minute;Lat;Lon;Depth;Mag
2013;2;10;17;47;10,02;-86,5;6,5;4
2015;3;11;17;24;10,61;-86,498;5;4
2015;7;17;16;2;10,956;-86,498;20;4,7
2015;3;11;16;26;10,577;-86,496;43,6;4,9
2015;3;11;17;28;10,521;-86,489;1;4,2
2016;11;27;11;54;10,776;-86,489;1,3;4,1
2015;3;31;22;43;10,448;-86,483;0;4,3
2011;9;30;2;38;11;-86,48;0,4;4
2014;5;1;7;25;10,488;-86,48;23;4
2013;6;10;15;47;10,39;-86,476;13,2;4
2014;7;16;9;5;11,082;-86,474;0;4
2015;4;21;1;24;10,595;-86,474;5;4,4
2015;3;11;15;51;10,401;-86,473;27;4,1
2013;3;11;7;58;10,337;-86,472;20;5,1
2010;9;29;10;31;9,978;-86,471;20;4
2013;4;10;6;39;10,642;-86,469;13;4,1
2015;11;28;23;47;10,281;-86,468;15;5
2014;2;27;23;39;11,183;-86,467;8,3;4
2014;4;30;12;24;10,052;-86,467;16;4,1
2012;9;5;22;56;10,027;-86,466;35,7;4
2012;5;27;11;49;10,251;-86,463;0,6;4
2012;11;11;0;18;10,238;-86,461;14;4,1
2012;12;29;9;53;10,604;-86,46;11,4;4,2
2011;5;16;2;47;11,124;-86,448;21,6;4,2
2015;6;17;21;41;10,364;-86,446;20;4,7
2011;11;13;2;39;11,384;-86,445;24,7;4
2011;11;16;17;32;10,382;-86,444;20;4,4
2016;4;12;23;28;10,303;-86,444;27,8;4
2014;9;20;13;8;10,564;-86,443;5,3;4,4
2015;10;31;17;28;10,323;-86,443;22,7;4,1
2013;10;9;17;2;10,308;-86,442;15,4;4,7
2010;12;28;6;52;10,548;-86,441;30,4;4
2011;12;11;1;50;11,256;-86,44;99,3;4,9
2012;2;5;14;20;11,081;-86,437;12,5;4,2
2013;2;16;6;59;10,272;-86,437;8,7;4,6
2014;2;23;18;4;10,547;-86,436;20,4;4,1
2010;8;6;17;33;10,742;-86,431;52,8;5
2015;5;11;3;14;10,225;-86,429;10;4,2
2017;6;26;11;57;10,31;-86,422;16,5;4,2
2013;12;22;4;1;10,952;-86,42;11,5;4,4
2014;9;18;13;14;10,575;-86,42;9,1;4,9
2010;12;23;16;45;10,531;-86,419;1,3;4,5
2016;3;20;8;46;10,35;-86,416;23,1;4,1
2017;7;28;5;46;10,705;-86,415;7,5;4,9
2015;3;13;20;20;10,294;-86,414;0;4,2
2015;8;11;2;42;10,512;-86,413;10,7;4
2011;2;8;21;10;9,754;-86,409;17,6;4,4
2012;12;25;12;37;9,669;-86,406;33,5;4
2014;5;7;6;11;10,498;-86,406;66,3;4,2
2017;1;25;21;13;10,26;-86,406;21,3;4,3
2012;5;9;4;18;10,35;-86,405;20;4,1
2016;4;13;19;57;10,198;-86,405;23,8;4,1
2015;7;9;3;8;10,318;-86,403;51,9;4
2013;2;16;2;18;10,335;-86,401;11,1;4,2
2016;11;22;14;23;10,327;-86,394;30,2;4
2016;11;22;14;22;10,307;-86,393;30;4,4
2017;3;17;14;39;10,346;-86,393;20,1;4,8
2014;9;14;15;24;10,25;-86,391;10;4,1
2015;1;22;21;46;10,304;-86,391;2,1;4
2014;2;6;23;3;10,748;-86,39;8;4
2013;9;5;12;29;10,342;-86,389;6;5,9
2015;1;24;9;56;10,219;-86,386;1,5;4,1
2014;3;4;23;52;10,932;-86,384;4,6;4
2014;9;30;10;10;10,323;-86,384;16,9;4,2
2015;2;13;22;58;10,442;-86,381;10,5;4,7
2017;6;25;5;16;10,388;-86,379;23,9;4,3
2012;9;9;19;37;10,151;-86,376;11,5;4
2015;6;19;12;33;10,27;-86,374;14,9;4,3
2015;5;11;10;19;10,276;-86,373;0;4
2017;3;17;23;37;10,362;-86,372;18,1;4,2
2011;4;5;1;58;10,12;-86,371;1,1;4,2
2016;1;24;13;38;10,244;-86,37;7,5;4,1
2012;11;13;21;27;10,409;-86,367;0,5;4,2
2014;4;22;18;47;10,278;-86,365;15;4
2015;4;25;16;32;10,292;-86,365;15,6;4
2017;3;17;23;25;10,348;-86,365;24;4,1
2013;9;5;14;55;10,393;-86,364;5;4,2
2013;2;20;13;8;10,261;-86,363;6,4;4,3
2013;9;22;14;45;10,43;-86,363;20;4,4
2015;10;31;17;34;10,32;-86,362;19,9;4,6
2013;5;24;22;11;10,244;-86,361;14,5;4
2012;2;3;5;21;10,269;-86,359;15,8;4,4
2014;10;29;5;41;10,292;-86,359;2,3;4
2017;6;28;18;32;10,404;-86,359;26,9;4,7
2013;11;27;0;9;10,309;-86,358;10;4
2015;7;21;17;26;10,226;-86,356;17,1;4,3
2016;11;28;16;13;10,259;-86,356;15;4,1
2014;4;29;14;19;10,44;-86,355;21,7;4
2014;2;16;14;30;11,093;-86,352;1;4
2014;4;19;21;47;11,003;-86,352;20;4,1
2014;10;2;19;5;9,933;-86,349;10;4,4
2013;9;5;12;35;10,385;-86,348;4,4;4,3
2010;5;30;11;57;10,305;-86,346;29,8;4
2013;9;5;22;34;10,329;-86,346;11,2;4,5
2013;12;14;16;27;10,359;-86,346;1,3;4
2013;9;19;14;16;10,334;-86,345;18,8;4,4
2013;9;29;2;59;10,994;-86,345;15;4,2
2017;7;8;13;56;10,371;-86,341;15,4;4
2013;6;10;15;36;10,324;-86,34;12,6;4
2012;3;19;2;27;10,784;-86,337;0,6;4,2
2016;11;27;4;41;10,302;-86,336;0,9;4,2
2012;12;16;10;23;10,37;-86,335;13,7;4,5
2015;5;11;3;9;10,307;-86,335;10;4,5
2013;9;5;23;54;10,376;-86,333;21,3;4,8
2017;6;25;5;55;10,289;-86,328;33,6;4
2014;11;30;6;52;10,422;-86,327;0;4,3
2011;4;23;13;54;10,538;-86,326;0,6;4,4
2012;8;1;18;54;11,091;-86,326;0;4
2016;5;23;8;26;10,566;-86,325;5;4,1
2013;4;8;9;15;10,218;-86,324;10;4,4
2015;1;23;19;17;10,304;-86,319;7,7;4
2017;3;17;10;32;10,315;-86,319;18;5,2
2014;1;2;4;26;10,839;-86,315;67,2;4,1
2015;9;3;11;42;10,324;-86,315;22,9;4
2014;3;14;19;20;11,051;-86,314;0;4
2010;6;10;2;58;10,302;-86,313;14,6;4,5
2013;10;13;7;29;9,995;-86,313;12,1;4,1
2016;2;2;17;59;10,301;-86,312;23,9;4,3
2017;3;17;23;33;10,348;-86,312;18,4;4
2010;2;25;3;15;11,04;-86,31;40;5,6
2016;1;21;14;2;10,358;-86,309;31,8;4,3
2013;4;3;19;24;10,318;-86,307;13,3;4
2015;6;19;12;36;10,291;-86,306;2;4,3
2016;12;24;19;12;10,444;-86,306;15;4,8
2017;5;3;6;42;10,426;-86,303;15;4,1
2015;5;14;23;59;10,015;-86,302;10,1;4,2
2016;4;30;11;27;9,811;-86,302;11,1;4,3
2016;12;3;16;30;10,441;-86,301;20;4
2014;4;22;7;31;10,255;-86,299;14,2;4,1
2014;5;21;22;57;10,7;-86,297;19,7;4
2013;9;6;0;19;10,306;-86,296;20;4,1
2011;5;2;23;56;11,116;-86,292;23,5;5
2016;3;8;16;54;10,819;-86,29;5;4,3
2014;9;25;9;23;10,358;-86,289;10,1;4,5
2017;3;19;2;22;10,354;-86,289;11,8;4,1
2016;7;31;12;22;10,231;-86,288;26,9;4,3
2015;2;15;0;49;10,451;-86,286;20;4,8
2014;4;22;5;47;10,264;-86,284;12,8;4,1
2017;5;3;6;42;10,411;-86,284;15;4,3
2011;6;19;18;32;10,983;-86,283;1,7;4
2010;9;29;10;34;9,908;-86,282;21,9;4,2
2016;1;21;5;35;10,38;-86,282;24,6;4,5
2012;9;18;9;43;11,421;-86,274;26,5;4
2014;4;11;0;1;11,47;-86,273;10;4,7
2017;4;15;0;43;10,416;-86,273;22,1;4
2017;1;6;10;58;10,434;-86,272;20,9;4,3
2016;7;29;12;24;9,964;-86,27;23;4,6
2016;2;7;17;37;9,762;-86,268;7,3;4
2013;2;11;4;56;10,372;-86,267;0;4
2012;2;5;14;20;10,977;-86,264;20;4,2
2012;10;27;18;53;10,108;-86,262;7,8;4
2015;12;2;3;16;10,845;-86,261;25,3;4
2016;7;8;13;5;9,908;-86,255;15;4,5
2014;2;28;9;18;10,298;-86,254;60,9;4,1
2013;6;8;23;58;10,311;-86,251;18,3;4,8
2014;10;1;8;10;9,962;-86,248;10;4,4
2012;6;1;17;18;10,209;-86,247;53,7;4,2
2013;7;10;12;28;10,391;-86,247;0,3;4,2
2014;6;18;16;13;10,447;-86,246;20;4
2012;11;23;5;20;9,926;-86,242;14,2;4,2
2016;9;13;11;13;10,364;-86,242;19,4;4,1
2012;12;5;3;15;10,405;-86,238;10,7;4
2015;7;12;17;43;10,014;-86,238;20,7;4,2
2016;4;30;11;22;10,002;-86,233;15;4,6
2015;7;21;17;27;10,288;-86,229;2,7;4
2015;7;23;3;32;10,214;-86,228;40,2;4
2016;7;29;12;57;10,015;-86,224;15;4
2010;5;30;11;0;10,342;-86,222;28,5;4,3
2012;5;30;1;45;9,169;-86,215;33,1;4
2014;5;28;16;53;10,463;-86,214;10;4,1
2012;3;25;6;30;10,682;-86,213;14,7;4,6
2014;3;8;18;10;10,409;-86,212;73,2;4
2014;4;12;1;54;10,504;-86,211;71,1;4,1
2012;9;23;21;35;10,026;-86,209;9,6;4,5
2014;4;23;0;55;10,419;-86,207;41,2;4,1
2014;11;28;17;3;10,087;-86,207;10;4,5
2011;6;2;11;24;10,419;-86,2;20;4,2
2014;11;16;10;21;10,445;-86,2;17,3;5,3
2012;9;13;1;16;9,488;-86,197;20;4,1
2012;10;29;13;25;10,03;-86,196;0,3;4,3
2013;3;3;3;53;10,606;-86,196;1,1;4
2012;10;11;8;51;9,678;-86,195;18,1;4
2015;7;12;17;43;9,973;-86,195;47,8;4,2
2010;11;18;13;40;11,059;-86,193;33,1;4,5
2012;10;4;4;14;9,706;-86,191;16;4
2013;5;28;11;13;9,995;-86,191;19,1;4
2012;10;11;8;59;9,721;-86,188;20,6;4
2014;2;23;4;34;10,67;-86,188;20,4;4
2014;3;8;13;24;10,269;-86,187;63,9;4,2
2013;11;1;12;45;11,431;-86,184;138,4;4
2014;4;13;1;59;11,008;-86,184;81,7;4
2014;10;1;9;0;9,977;-86,177;17,6;4,2
2014;5;1;21;42;10,618;-86,174;111,9;4,2
2017;3;21;2;48;11,315;-86,174;67,6;4,3
2016;11;9;5;43;10,705;-86,173;0,3;4
2010;4;17;4;41;9,955;-86,172;13;4,7
2011;7;3;6;35;11,117;-86,17;2,3;5,1
2011;9;14;17;50;10,075;-86,17;22,3;4
2014;10;2;19;11;10,032;-86,169;1;4,1
2015;7;26;8;42;11,241;-86,169;42;4
2012;11;10;0;15;10,019;-86,164;13;4
2012;9;14;6;19;10,21;-86,161;0,4;4,2
2015;5;5;14;54;10,814;-86,16;20;4,1
2012;10;13;9;27;9,643;-86,151;6,3;4,2
2014;10;1;5;28;9,922;-86,147;11,3;4
2011;9;25;6;17;9,948;-86,146;28,7;4,3
2013;10;14;13;6;11,353;-86,142;27,9;4,6
2010;4;9;8;51;9,933;-86,141;9,9;4
2011;2;8;14;22;10,313;-86,139;0,4;4,7
2011;7;18;16;39;10,394;-86,138;11,7;4,8
2016;11;3;4;59;10,979;-86,134;5;4,3
2014;4;12;1;45;10,545;-86,129;64,8;4,2
2012;11;9;23;26;10,039;-86,127;2,5;4,1
2015;4;17;0;5;9,418;-86,123;18,5;4,5
2013;6;15;23;2;10,561;-86,119;1,2;4,3
2014;3;1;11;18;10,785;-86,119;72,7;4
2011;5;15;8;35;11,163;-86,116;20;5
2013;5;13;0;50;10,009;-86,114;17,1;4,8
2012;9;13;5;23;10,048;-86,11;0,7;4,1
2013;7;12;16;38;10,035;-86,108;14;4,1
2013;10;9;14;45;11,376;-86,105;60;4
2014;2;26;2;57;10,373;-86,103;54,5;4
2014;2;2;1;8;10,332;-86,102;51,8;4,1
2011;7;21;6;4;11,041;-86,1;3,4;4,3
2012;9;17;1;25;9,495;-86,099;28;4
2012;9;20;0;39;9,519;-86,099;31,3;4
2013;4;13;6;3;11,053;-86,098;0,4;4,1
2014;5;3;15;23;10,34;-86,086;45,4;4,1
2012;9;18;17;44;9,48;-86,084;27,5;4,3
2012;11;5;5;3;10,122;-86,082;24,6;4
2016;4;22;15;9;10,655;-86,079;23,3;4
2012;10;25;2;59;9,692;-86,078;1,4;4,1
2012;4;3;13;9;11,01;-86,076;20;4,4
2012;9;10;3;53;9,965;-86,076;0,7;4
2015;4;17;3;39;9,411;-86,07;20,4;4,3
2015;12;23;4;35;11,28;-86,069;94,1;4,1
2011;2;10;12;2;10,353;-86,068;0,9;4,8
2014;4;7;22;44;10,334;-86,063;63,9;4
2014;5;3;14;54;10,336;-86,063;70,5;4,2
2013;9;7;8;26;10,138;-86,061;22,9;4,3
2015;4;23;9;44;9,397;-86,056;24,1;4,3
2012;11;26;15;0;10,059;-86,054;12;4,6
2013;8;7;3;12;10,432;-86,052;20;4,1
2015;4;22;3;38;9,366;-86,048;20,8;4,5
2012;9;17;6;0;9,564;-86,041;26,8;4,1
2014;2;2;2;37;10,324;-86,039;71;4,2
2017;6;7;13;57;10,938;-86,039;34,3;4,3
2014;1;16;11;35;10,301;-86,037;70,5;4,2
2016;1;8;23;35;10,083;-86,036;10;4,1
2010;5;29;16;12;10,772;-86,033;0;5
2015;4;23;12;23;9,423;-86,032;20,9;4
2012;6;13;0;0;10,74;-86,03;30;4,2
2010;1;20;20;3;10,987;-86,028;0;4,4
2015;4;10;18;2;9,333;-86,026;17,7;4,1
2014;2;3;9;4;10,309;-86,025;68,8;4,2
2014;2;2;2;15;10,302;-86,023;63,7;4,1
2016;2;28;20;9;10,307;-86,023;10,4;4,2
2012;9;18;16;54;9,593;-86,014;22,6;4,3
2013;9;23;7;14;9,248;-86,014;13;4
2014;2;3;16;10;10,33;-86,011;63;4,1
2011;1;22;11;17;10,609;-86,009;51,6;4,3
2014;4;24;11;13;11,353;-86,006;102,9;4,5
2012;9;18;9;3;9,532;-86,005;25,2;4,5
2012;9;13;2;17;9,59;-86,003;25,9;4
2015;4;10;23;43;9,38;-86;20,5;4,4
2014;1;2;0;40;10,243;-85,999;67,8;4,1
2013;1;6;6;29;9,573;-85,998;36,6;4
2013;9;25;11;36;9,274;-85,994;11,7;4,1
2012;9;26;0;11;9,78;-85,99;17;4,1
2015;4;22;7;55;9,336;-85,99;19,6;4,1
2015;4;10;17;59;9,309;-85,988;20,7;4,2
2012;5;22;15;39;10,65;-85,985;11,8;4
2015;4;10;16;54;9,397;-85,984;24;4
2016;4;18;16;57;11,331;-85,983;139;4
2012;9;5;22;46;9,61;-85,976;1;4,1
2014;2;2;2;11;10,345;-85,969;69,2;4,3
2014;1;24;5;58;11,445;-85,967;93,5;4
2015;4;22;9;49;9,387;-85,967;21;4,3
2015;11;13;6;12;9,507;-85,958;12,3;4
2015;12;22;3;19;11,115;-85,949;86,5;4,1
2014;2;19;19;18;10,405;-85,948;97,2;4
2016;6;28;22;48;11,122;-85,947;90;4,2
2015;11;11;12;8;9,532;-85,945;21,9;5,4
2012;9;18;19;10;9,6;-85,944;22,4;4,3
2013;2;18;6;14;11,45;-85,942;54,8;4
2013;3;13;17;23;9,695;-85,939;18,6;4,1
2010;8;7;1;51;11,375;-85,938;175,6;4
2012;9;13;3;37;9,567;-85,937;19,6;4,2
2014;10;6;4;14;11,242;-85,937;133,7;4,3
2015;11;15;9;23;9,513;-85,935;22,8;4,1
2016;8;3;12;5;11,202;-85,934;95,1;4,7
2013;2;10;8;30;9,672;-85,932;5,8;4
2012;9;13;3;59;9,556;-85,929;24,5;4,1
2014;3;4;17;41;9,71;-85,922;27;4
2011;11;7;22;35;11,191;-85,914;164;5,4
2014;6;22;0;28;11,09;-85,914;68,9;4
2017;6;9;10;48;11,407;-85,909;154,1;4,2
2011;5;14;2;41;10,573;-85,908;37,6;4
2015;9;17;5;51;11,285;-85,907;95,1;4,1
2012;9;21;8;2;9,627;-85,903;26;4
2012;9;13;7;36;9,549;-85,898;20,2;4,1
2014;3;2;15;36;9,754;-85,895;13,3;4
2011;6;29;20;51;9,584;-85,894;2;4
2012;10;26;12;53;9,61;-85,893;9,4;4,3
2011;3;26;0;11;10,52;-85,89;34,6;4,3
2016;2;28;19;1;11,258;-85,887;87;4
2014;10;6;4;14;11,42;-85,884;131,2;4,2
2014;3;7;22;28;11,259;-85,883;184,9;4,1
2012;9;5;21;0;9,914;-85,875;1,9;4,2
2016;3;9;3;21;9,653;-85,875;9,6;4,7
2012;9;11;11;10;9,32;-85,869;20;4
2013;12;13;12;47;11,043;-85,867;74,4;4,4
2014;5;7;6;33;10,499;-85,864;53,3;4,3
2014;10;7;4;28;11,443;-85,863;193,1;4,8
2012;9;12;21;18;9,49;-85,858;21,5;4,1
2012;9;22;9;57;11,09;-85,858;73,3;4,7
2010;10;2;4;58;10,318;-85,857;0;4,4
2012;9;27;3;3;9,527;-85,853;15;4,1
2014;1;29;10;7;8,465;-85,851;30,7;4,1
2010;4;15;0;37;10,186;-85,842;20;4,2
2010;2;25;3;15;10,609;-85,841;0,8;5
2012;9;26;12;25;9,594;-85,841;24,8;4
2012;9;17;1;57;9,575;-85,839;20,3;4,1
2012;9;5;22;46;9,708;-85,838;0,9;4,1
2012;9;11;2;14;10,32;-85,838;19,4;4,3
2012;11;13;0;11;10,149;-85,837;12,9;4,3
2014;6;25;13;51;11,486;-85,834;175,3;4
2014;1;6;0;35;11,462;-85,829;172,1;4,1
2016;9;8;13;35;11,153;-85,828;94,5;4,7
2014;10;24;19;3;10,672;-85,825;40,6;4,5
2011;8;30;2;24;10,537;-85,824;16,5;4
2015;9;22;16;1;9,152;-85,823;21,6;4,1
2012;11;4;10;24;11,246;-85,821;164,5;4
2010;10;9;10;1;9,736;-85,819;20;4
2012;12;3;7;50;9,546;-85,819;23,4;4,1
2010;8;6;2;21;11,313;-85,817;159;4,3
2011;7;23;13;54;10,496;-85,816;25,5;5,1
2012;9;6;10;8;9,806;-85,816;20;4,1
2011;2;23;21;21;8,328;-85,806;9,4;4,2
2012;9;18;19;13;9,618;-85,805;20;4,2
2015;9;22;15;1;9,151;-85,801;21,6;4,2
2014;10;7;4;28;11,471;-85,8;190,9;5
2010;3;7;4;15;10,074;-85,794;20;4,4
2010;1;20;9;34;10,85;-85,792;18,4;5,1
2013;12;10;17;28;10,724;-85,792;45,1;4,9
2015;12;21;5;18;11,416;-85,791;184,2;4
2012;9;9;1;44;8,764;-85,781;20;4,3
2015;11;24;6;59;10,432;-85,781;29,4;4,1
2012;9;8;9;50;10,133;-85,777;18,5;4,4
2013;1;13;21;5;10,079;-85,774;13;4,3
2012;9;6;6;18;9,759;-85,772;23;4
2013;5;15;10;7;10,007;-85,765;19,1;4,1
2011;7;28;1;23;11,394;-85,764;14,2;4
2016;7;1;13;48;9,879;-85,764;12,4;4,3
2012;11;22;13;36;9,913;-85,761;15;4
2013;10;25;7;54;11,404;-85,759;159,6;4,2
2012;9;6;3;29;9,796;-85,758;20;4,4
2012;12;27;5;31;9,94;-85,753;13,5;4,2
2011;2;10;14;59;10,417;-85,748;11,9;4,5
2012;9;14;3;42;9,484;-85,748;20;4,1
2012;11;13;8;28;10,062;-85,748;16,3;4,2
2012;9;6;1;9;9,903;-85,746;14,1;4,2
2014;5;27;19;55;11,359;-85,745;221,3;4
2016;2;12;9;41;11,302;-85,745;201,1;4,3
2011;6;29;19;28;9,945;-85,74;14;4,7
2011;12;11;3;8;11,222;-85,74;157,5;4,2
2012;9;6;2;20;9,992;-85,74;22,8;4
2014;2;23;11;31;11,404;-85,735;183,3;4,1
2012;10;21;13;31;9,911;-85,732;15;4,3
2012;10;1;20;58;9,973;-85,729;13;4
2013;2;12;17;2;9,909;-85,729;7,6;4,3
2013;2;12;17;4;9,903;-85,729;22;4,3
2012;10;24;1;55;9,918;-85,726;3,5;4,6
2012;9;18;0;54;9,901;-85,725;30,1;4
2014;1;31;23;22;11,449;-85,723;188;4,1
2014;1;7;9;56;9,05;-85,722;6,8;4
2012;9;21;22;28;10,104;-85,721;16,4;4,1
2012;10;10;12;42;9,861;-85,719;15,5;4,1
2012;9;12;21;33;9,903;-85,717;12,5;4,3
2015;7;6;14;17;11,279;-85,716;164,6;4,5
2012;9;12;2;12;9,897;-85,71;11,5;4,7
2012;9;21;6;36;10,12;-85,71;19,3;4,4
2011;3;8;15;1;10,178;-85,707;0,4;4,3
2014;8;5;4;11;11,374;-85,707;182,4;4,1
2015;6;30;20;2;9,977;-85,703;13;4,6
2011;9;10;0;42;11,499;-85,699;20;4
2011;7;22;2;24;11,286;-85,694;169,9;4,3
2012;12;24;16;49;9,943;-85,694;15,4;4,8
2013;1;23;3;21;9,879;-85,692;9,3;4,7
2013;2;12;16;58;9,916;-85,692;7,1;4,2
2015;12;10;0;3;9,913;-85,689;17,5;4,7
2012;9;5;16;19;9,764;-85,688;20;4
2012;9;12;18;43;9,387;-85,68;12,2;4,3
2017;4;11;12;8;10,612;-85,678;36,9;4,3
2012;9;12;2;18;9,904;-85,676;10,9;4,5
2012;9;14;23;12;9,803;-85,676;13,5;4
2015;7;6;14;17;11,217;-85,676;164,4;4,5
2012;9;14;14;5;9,329;-85,674;21,2;4
2012;10;15;20;35;9,809;-85,672;4;4
2012;11;22;13;53;9,96;-85,672;20,7;4
2014;9;20;4;37;11,282;-85,672;179,2;4,1
2012;9;5;22;11;9,912;-85,668;6,2;4,2
2012;10;10;12;19;9,987;-85,668;15;5,2
2013;6;23;20;0;9,934;-85,667;15;5,5
2014;4;3;1;2;11,14;-85,667;160,1;4
2012;9;16;5;51;9,994;-85,666;15,9;5,2
2010;10;22;21;19;10,14;-85,665;20;4,9
2015;3;10;12;14;9,989;-85,665;11;4
2016;1;14;5;15;11,317;-85,665;188,9;4,8
2012;9;13;21;47;9,322;-85,662;19,4;4
2017;4;19;8;56;10,119;-85,662;19,1;4,4
2012;9;14;21;45;9,918;-85,659;9,5;4,2
2012;10;2;22;42;9,988;-85,659;18,8;4
2012;9;6;3;41;9,762;-85,658;16,2;4,2
2014;2;12;3;34;11,323;-85,658;183,6;4
2013;1;19;1;50;9,798;-85,657;11;4,6
2012;9;6;6;25;9,941;-85,656;31,3;4
2012;9;23;14;58;9,867;-85,656;19,4;4,7
2012;9;14;15;29;9,382;-85,655;20,8;4
2012;9;5;17;18;9,676;-85,653;20;4,3
2013;5;2;9;39;9,756;-85,648;18,6;4,3
2012;12;25;16;28;9,417;-85,642;18,4;4,1
2012;9;23;3;43;9,824;-85,639;21,4;4,6
2012;12;29;3;32;9,763;-85,637;15,8;4,1
2013;1;20;20;16;9,737;-85,637;0,2;4
2012;9;6;19;58;9,94;-85,633;15,3;4,1
2014;12;22;17;4;9,951;-85,633;16,1;4,2
2010;3;27;11;29;10,743;-85,624;20;4,2
2012;9;6;4;40;9,841;-85,622;12;4,5
2013;3;19;20;56;9,808;-85,619;14,4;4,2
2014;6;25;10;38;11,222;-85,618;190,4;4,1
2013;1;20;20;38;9,712;-85,613;5;4,5
2012;9;6;7;38;9,894;-85,61;27,5;4,2
2012;9;26;11;37;9,749;-85,61;16,2;4,4
2012;9;14;20;4;9,331;-85,609;24,1;4,1
2012;9;6;7;38;9,891;-85,608;28,8;4,2
2014;1;6;7;47;11,192;-85,608;189,3;4
2012;9;6;1;27;9,889;-85,6;3;4,1
2012;10;24;0;45;9,737;-85,6;15;6,1
2011;6;22;23;46;10,418;-85,595;20;4,2
2012;9;6;1;0;9,855;-85,595;20;4
2012;9;6;5;55;9,918;-85,595;20;4
2012;9;12;8;39;8,934;-85,595;0,2;4,1
2012;9;6;11;0;11,108;-85,594;92;4
2012;9;7;19;53;9,959;-85,589;4,5;4,1
2011;7;20;12;4;10,235;-85,586;20;4
2011;8;15;7;45;10,319;-85,583;32;4,5
2012;9;6;12;14;9,873;-85,576;19,1;4,1
2012;9;5;14;42;9,752;-85,572;9,4;7,6
2013;12;21;1;39;9,248;-85,572;26,7;4,2
2014;3;5;22;34;10,009;-85,572;44;4
2012;9;19;4;13;10,568;-85,571;20;4
2016;8;25;8;29;9,221;-85,563;18,4;4,3
2012;9;7;1;21;9,81;-85,555;12;4,4
2010;2;6;23;48;9,204;-85,553;15,2;4,7
2013;11;10;0;30;9,85;-85,553;17,8;4,5
2010;5;26;12;46;9,655;-85,55;18,4;5,1
2014;1;13;12;39;11,161;-85,548;171,8;4
2012;9;8;20;29;9,81;-85,54;15,1;5,4
2013;1;20;22;1;9,748;-85,538;10;4,4
2013;1;9;20;53;9,82;-85,534;11,6;4
2015;9;7;7;6;10,63;-85,534;5;4,1
2012;10;24;1;43;9,87;-85,532;11,3;4,1
2014;3;7;9;14;11,032;-85,532;143,7;4,1
2012;9;10;15;31;9,045;-85,529;22,7;4,3
2010;12;8;20;38;11,462;-85,524;126,9;4,3
2014;3;12;4;6;11,161;-85,524;182,8;4
2011;10;1;16;0;10,54;-85,523;5;4,2
2010;6;15;1;4;8,654;-85,52;14,6;4,8
2011;6;7;20;51;10,911;-85,519;0,1;4,4
2014;5;14;4;57;11,196;-85,511;189,7;4
2012;9;6;9;7;9,85;-85,5;18,7;4
2016;8;25;18;53;9,334;-85,496;19;4,6
2012;4;1;22;26;10,998;-85,489;16,9;4,4
2014;11;1;0;48;10,217;-85,488;30,5;4,2
2012;9;10;12;47;9,215;-85,483;20;4,3
2012;9;13;19;13;9,209;-85,481;25,5;4,1
2013;3;21;1;58;9,304;-85,472;20,5;4,4
2013;4;18;6;42;9,389;-85,471;20;4,2
2012;10;24;9;27;9,463;-85,452;21,5;4
2011;6;30;11;48;9,322;-85,441;6,6;4
2012;9;12;3;7;9,183;-85,434;16;4,5
2010;12;8;18;27;10,331;-85,403;2,1;4
2012;9;17;19;10;9,219;-85,403;17,2;4,1
2012;9;12;6;29;9,199;-85,398;0,3;4,3
2012;10;7;1;33;9,228;-85,397;7,4;4
2013;1;20;21;5;9,893;-85,39;14,7;4,4
2014;10;9;19;38;10,147;-85,384;48,2;4,1
2015;2;18;13;12;10,191;-85,369;46,3;4,8
2015;9;3;17;11;9,229;-85,369;23,2;4,1
2010;4;27;12;23;9,301;-85,366;24,6;4,2
2012;9;5;21;13;9,518;-85,361;6;4
2014;12;20;12;37;10,913;-85,359;10,3;4,2
2012;9;12;18;29;9,198;-85,357;1;4,6
2010;3;20;4;49;9,975;-85,354;20;4,5
2012;10;5;18;32;10,345;-85,354;55,1;4
2012;9;6;7;50;10,09;-85,345;41,9;4
2012;9;12;4;10;9,273;-85,339;10,9;4,7
2010;9;26;22;49;10,063;-85,338;34,6;4,3
2012;9;14;14;58;9,686;-85,328;7,1;4,6
2015;10;12;15;38;9,158;-85,327;24,8;4
2012;9;6;21;56;9,677;-85,324;10,3;4,1
2012;9;6;8;13;9,771;-85,315;13,5;4,2
2012;9;9;21;37;9,259;-85,3;21,8;4
2012;9;6;6;2;9,688;-85,299;23;4
2012;9;6;9;46;9,542;-85,29;20;4
2012;9;6;0;14;9,605;-85,264;5,8;4,3
2012;9;6;6;14;9,643;-85,259;2;4,2
2012;10;6;8;57;9,751;-85,256;9,3;4
2015;1;18;18;9;9,41;-85,231;5;4,2
2013;12;4;4;54;10,976;-85,229;184,2;4,3
2010;1;28;8;28;9,616;-85,224;20;4,3
2013;4;25;16;1;10,191;-85,223;12,9;4
2010;3;28;8;4;9,234;-85,218;24,2;4
2012;9;22;4;3;9,292;-85,2;1,4;4,2
2014;9;29;4;29;10,864;-85,195;190,5;4
2016;3;28;14;21;9,025;-85,187;15;4
2017;4;8;10;5;9,891;-85,187;32,7;4
2014;5;30;12;16;11,012;-85,177;212;4,1
2016;3;28;9;53;9,004;-85,158;15;4,4
2011;6;29;0;36;10,811;-85,152;11,7;4,4
2016;5;2;20;45;8,929;-85,147;5;4,2
2016;5;2;5;30;8,974;-85,145;18;4
2011;6;29;4;41;10,824;-85,144;6,5;4,3
2013;9;11;11;57;9,345;-85,141;20;4
2016;3;22;6;17;8,967;-85,134;16,9;4,2
2011;7;12;20;51;10,831;-85,131;3;4,9
2011;7;15;3;20;10,797;-85,131;5,2;4,3
2016;5;2;21;56;8,925;-85,126;10;4
2016;4;1;9;39;8,946;-85,125;15;4,1
2012;10;6;7;0;9,639;-85,124;21,3;4,4
2012;9;14;20;28;9,657;-85,123;6;4
2012;10;7;7;0;9,637;-85,123;21,2;4,4
2014;9;9;16;7;9,633;-85,123;17,9;4,6
2011;7;13;0;35;10,775;-85,115;2;4,7
2011;9;9;18;2;10,871;-85,115;1,5;4,2
2011;7;12;20;17;10,797;-85,114;9;5,3
2016;4;16;19;6;8,967;-85,112;15;4
2011;7;12;20;11;10,755;-85,107;13;5,5
2016;4;16;16;16;8,958;-85,105;15;4
2012;4;26;7;4;10,959;-85,1;10,1;4,4
2014;9;9;11;47;9,649;-85,096;17,5;4,4
2010;9;27;14;33;9,538;-85,095;6,5;4,3
2016;7;3;2;2;10,775;-85,089;6;4,3
2011;6;28;23;44;10,812;-85,086;6,5;5,2
2010;7;7;3;44;10,744;-85,085;15;4
2010;9;18;22;9;9,581;-85,08;16,6;5
2010;12;7;17;12;9,504;-85,075;2,5;4,3
2011;7;14;10;6;11,157;-85,075;20;4,8
2012;4;1;13;49;10,623;-85,075;0,6;4,1
2016;7;3;2;3;10,763;-85,074;5,6;4
2016;7;3;1;58;10,77;-85,067;3,1;5,4
2016;7;3;2;16;10,766;-85,066;4,7;5,2
2010;9;16;15;27;9,581;-85,063;3,5;5,1
2010;9;18;8;58;9,513;-85,063;9,5;4,5
2010;12;17;4;56;10,724;-85,063;7,9;4,4
2012;3;27;18;40;10,83;-85,059;9;4,4
2010;9;16;16;34;9,613;-85,038;4,4;4,4
2011;7;13;12;47;10,798;-85,035;4,1;4
2011;7;13;3;22;10,787;-85,031;5,9;4
2012;3;19;19;59;10,041;-85,031;40;5
2011;7;12;23;47;10,854;-85,018;10,1;4
2011;2;21;1;31;10,204;-85,017;103,9;4,9
2011;7;12;21;36;10,853;-85,017;5;4,7
2012;9;8;11;0;9,77;-84,973;18,4;4
2012;9;6;4;20;9,142;-84,968;20;4,1
2010;8;14;16;50;9,474;-84,945;0,1;4
2012;11;17;4;35;10,806;-84,94;177,2;4,3
2014;3;30;19;42;10,682;-84,936;216,8;4
2013;4;10;13;40;9,583;-84,935;15,5;4,4
2012;9;6;7;12;9,529;-84,928;13,5;4,1
2014;1;27;18;35;9,427;-84,92;12,9;4
2016;12;31;12;10;9,662;-84,918;5;4,1
2016;5;28;22;14;9,569;-84,911;17,4;4
2014;1;17;21;2;9,44;-84,907;10,8;4,1
2014;10;4;22;46;10,075;-84,907;57;4,5
2014;2;12;20;38;9,509;-84,906;6,3;4,1
2013;4;27;6;1;10,674;-84,898;154,6;4,2
2011;11;2;19;1;9,527;-84,895;19;4,9
2017;7;21;11;8;10,532;-84,889;104,9;4,1
2016;2;28;0;37;9,456;-84,888;15;4
2014;8;10;15;57;9,622;-84,877;2,8;4
2017;7;30;12;32;9,684;-84,875;22,4;4,1
2012;6;1;19;0;9,511;-84,873;20;4
2017;7;22;1;2;9,567;-84,873;21,7;4,3
2017;5;13;13;30;10,016;-84,866;44;4
2016;9;24;20;14;9,499;-84,861;24,4;4,3
2012;6;9;3;28;9,518;-84,857;20;4
2014;5;18;6;47;10,6;-84,85;147,1;4
2012;9;6;5;24;9,563;-84,849;0,5;4,1
2015;9;30;4;43;9,236;-84,847;14,9;4,3
2010;4;29;0;46;10,787;-84,844;138;5
2011;7;20;9;5;10,002;-84,836;33,9;4,3
2011;2;20;13;31;10,276;-84,812;53,4;4,8
2016;9;24;23;58;9,491;-84,81;5;4,1
2016;11;7;21;8;9,527;-84,807;16,1;4,1
2012;9;6;4;44;10,652;-84,802;23;4
2016;5;12;3;54;10,648;-84,772;189;4,4
2011;1;15;9;39;9,595;-84,763;1,1;4,3
2016;3;19;20;38;10,363;-84,738;156,8;4,3
2016;6;22;9;47;10,34;-84,735;91,4;4,2
2012;3;30;20;0;10,45;-84,73;127;4,6
2013;2;10;16;51;10,21;-84,73;56;4,5
2015;4;28;7;33;10,194;-84,726;78,7;5,2
2011;4;19;3;44;9,694;-84,711;34,7;4,4
2010;11;22;7;12;9,396;-84,702;6;4,5
2015;6;18;10;56;9,343;-84,695;17,1;4,1
2011;6;29;19;32;9,434;-84,69;69,6;4,2
2013;8;28;17;14;9,796;-84,689;57,4;4
2015;3;23;13;2;9,819;-84,67;53,8;4,2
2013;1;5;23;17;9,402;-84,655;17,8;4
2016;3;17;19;56;9,355;-84,65;5;4,1
2011;12;15;17;46;9,43;-84,641;8,9;4,5
2016;4;12;13;11;9,375;-84,639;17,9;4,1
2017;5;4;17;18;8,586;-84,637;16,5;4,7
2013;2;19;11;53;9,406;-84,636;15;4,2
2017;6;17;15;0;9,427;-84,616;15;4,6
2010;11;23;7;22;10,238;-84,611;85,9;4,2
2017;4;10;9;30;9,404;-84,61;18,6;4,1
2014;5;29;16;23;9,321;-84,608;13,6;4
2017;5;4;9;5;8,61;-84,602;16,7;4
2012;11;16;8;44;9,412;-84,596;8;4,1
2012;11;13;17;15;10,3;-84,588;4,1;4,2
2010;7;8;16;31;9,9;-84,579;55;4,4
2012;2;25;17;20;9,43;-84,561;16,9;4
2014;8;7;19;44;9,392;-84,56;2,5;4
2012;3;16;6;13;9,663;-84,551;14;4,1
2012;3;16;18;13;9,623;-84,55;5,6;4
2011;2;13;1;51;9,14;-84,549;2,9;4
2014;11;16;18;1;9,622;-84,533;2,1;4,4
2016;6;23;13;17;9,349;-84,526;12,8;4,1
2013;1;24;7;8;9,876;-84,5;57,9;4,9
2010;1;9;20;30;8,619;-84,495;39,8;4
2015;12;21;3;20;8,749;-84,492;5;4,6
2015;4;25;20;38;9,201;-84,482;7,6;4,7
2016;10;21;3;44;9,248;-84,479;5,1;4,2
2010;3;10;1;16;9,85;-84,477;0,1;4,2
2016;10;4;11;8;9,288;-84,472;1,1;4,5
2010;1;10;6;1;9,318;-84,469;75,1;4
2017;4;10;18;53;9,344;-84,45;17;4,1
2012;8;7;16;11;10,217;-84,446;93;4,5
2013;5;27;5;21;9,354;-84,444;0,7;4
2012;8;23;10;1;8,678;-84,435;0,9;4,1
2011;4;19;12;42;9,418;-84,428;42,8;4,4
2010;10;4;17;26;8,74;-84,427;2,6;4
2012;9;21;3;34;8,602;-84,427;19;4,2
2012;8;25;6;25;8,608;-84,423;20,5;4,1
2012;12;12;6;54;10,115;-84,421;67,8;4,6
2012;8;26;19;43;8,444;-84,412;26,2;4
2012;9;5;16;1;11,393;-84,41;78,4;4,1
2012;10;9;4;41;8,491;-84,403;0,8;4
2015;4;5;3;40;8,253;-84,397;22,2;4
2013;6;9;21;18;10,189;-84,396;67,7;4,1
2016;7;27;10;50;9,678;-84,386;23,9;4,2
2012;10;12;19;24;9,408;-84,384;26,6;5,1
2010;10;2;7;5;8,594;-84,383;0,3;4
2015;11;20;18;58;10,107;-84,383;84,3;4,2
2013;8;4;7;53;10,268;-84,371;4,7;4,1
2014;10;20;15;36;8,628;-84,362;1;4,4
2012;9;20;15;15;10,26;-84,352;9;4
2010;5;13;9;58;9,422;-84,347;4,2;4,9
2012;2;26;15;5;9,707;-84,347;28,8;4
2012;12;14;4;6;9,636;-84,331;20;4,1
2012;4;16;1;7;8,693;-84,329;18,2;4
2016;5;31;6;12;9,343;-84,315;31,2;4,4
2011;3;4;8;14;10,201;-84,302;95;4,7
2012;3;30;4;43;9,902;-84,3;70;4
2013;3;16;9;52;10,108;-84,288;10;4,2
2010;5;1;3;26;9,176;-84,286;17;5,7
2010;8;1;3;26;9,177;-84,286;15,6;5,7
2016;7;21;6;49;8,923;-84,284;28,4;4,2
2012;3;31;15;34;9,399;-84,282;21,8;4
2010;4;8;20;37;9,43;-84,28;18,4;4,8
2010;11;12;10;56;9,283;-84,28;25;4,7
2011;5;13;22;47;9,936;-84,28;70,5;6
2016;4;1;18;46;9,503;-84,28;57,2;4,2
2010;10;9;5;15;10,134;-84,276;90;4,3
2011;7;6;14;37;10,335;-84,275;44,4;4,2
2012;2;22;1;58;8,963;-84,265;20;4,5
2016;1;14;16;40;8,914;-84,254;5;5,2
2013;11;1;22;8;9,298;-84,252;20;4
2016;1;16;20;36;8,885;-84,248;5;4,1
2010;10;9;1;54;10,229;-84,244;84;5,9
2012;8;27;11;16;8,904;-84,243;0,6;4
2012;6;15;14;36;9,377;-84,24;11;4
2016;1;15;17;12;8,887;-84,24;10;4,6
2016;1;17;9;45;8,905;-84,239;5;4,6
2010;6;21;23;12;9,592;-84,238;21;4
2017;7;8;12;57;10,19;-84,234;3;4,1
2017;7;21;1;32;10,213;-84,228;3,1;4,8
2017;7;20;23;52;10,211;-84,227;2,9;4,6
2010;5;20;22;16;9,206;-84,225;23;5,9
2017;6;5;8;53;10,218;-84,225;2,9;4,1
2010;5;13;1;15;9,232;-84,222;6,8;4,2
2017;7;21;0;17;10,215;-84,221;2,3;4,3
2010;9;7;3;32;9,441;-84,213;12;4,8
2016;9;17;17;42;10,205;-84,213;5;4,2
2016;1;16;20;20;8,914;-84,211;5;4,5
2016;9;15;9;50;10,205;-84,204;1,1;4,3
2013;3;12;4;35;8,762;-84,203;6,3;4
2016;1;16;20;21;8,922;-84,202;0;4
2013;3;12;12;38;9,393;-84,2;23,3;4,1
2014;3;10;7;23;9,062;-84,197;0,8;4
2014;8;7;8;50;9,646;-84,197;17;4
2010;11;4;16;56;9,162;-84,196;24,1;4
2016;1;15;16;57;8,934;-84,195;10;4,2
2016;1;16;16;57;8,921;-84,195;0;5,3
2016;9;1;3;0;10,048;-84,195;82,9;4,3
2016;1;16;16;57;8,911;-84,194;0;5,3
2014;10;20;15;36;8,955;-84,193;3,8;4,3
2012;2;19;17;33;9,097;-84,192;15;4,9
2013;1;19;2;21;9,339;-84,188;33,6;4,1
2010;3;29;7;20;8,897;-84,182;9,7;4
2013;3;7;3;56;9,091;-84,18;17,9;4,2
2010;2;8;14;50;9,584;-84,175;34;4,7
2011;6;27;9;40;8,986;-84,175;5,9;4,4
2016;8;19;1;19;9,83;-84,175;62;4,3
2015;10;26;10;38;9,084;-84,167;11,6;4,2
2012;12;13;17;16;8,81;-84,166;10;5,5
2013;3;4;2;36;9,083;-84,165;11,8;4,1
2010;1;28;7;10;10,084;-84,161;83;4,5
2012;12;14;22;46;8,848;-84,16;0,5;4,3
2013;6;14;13;32;9,587;-84,16;31,6;4,2
2011;4;21;14;45;10,196;-84,159;85,5;4,4
2011;2;3;15;21;9,813;-84,157;46;4,2
2012;2;14;6;9;9,004;-84,156;0,9;4,1
2013;3;7;19;40;9,115;-84,156;4,3;4,1
2011;2;18;20;15;9,012;-84,154;26;4
2013;6;24;15;43;10,199;-84,153;96,1;4,3
2013;10;11;19;2;10,192;-84,153;89,7;4
2013;4;27;12;14;9,885;-84,15;22;4,1
2013;3;4;2;59;9,094;-84,146;11,3;4,2
2012;2;16;18;42;9,008;-84,145;10,7;4,5
2013;3;15;17;0;9,029;-84,145;1,4;4,3
2016;7;23;6;41;8,828;-84,145;5;4,3
2013;3;15;17;5;9,034;-84,143;8,4;4,2
2010;2;9;2;50;9,582;-84,14;43,8;4,7
2015;1;25;6;8;8,778;-84,139;10;4
2012;2;13;10;55;9,072;-84,138;14;5,9
2010;1;22;15;49;9,582;-84,131;48;5
2012;4;25;1;19;8,838;-84,128;0,5;4
2012;12;14;10;36;8,969;-84,128;10;4,7
2014;1;5;8;15;8,818;-84,128;3;4,2
2011;2;26;13;21;8,886;-84,127;10;4,2
2012;4;1;12;16;8,953;-84,127;0,2;4
2014;8;31;10;4;8,866;-84,127;10;4,4
2012;2;14;16;46;9,073;-84,125;15;4,5
2013;11;10;17;15;8,684;-84,123;18,9;4
2012;6;12;6;51;11,41;-84,122;20;4
2014;3;4;4;35;9,039;-84,122;34;4
2011;2;26;11;11;8,866;-84,121;4,3;4,9
2013;6;13;2;59;9,437;-84,12;40,5;4,5
2010;3;27;19;47;8,853;-84,119;20;4,3
2012;2;16;6;42;9,005;-84,119;8,2;4,2
2012;2;11;20;43;9,057;-84,117;15;4,3
2013;11;26;20;13;9,557;-84,114;44;4
2011;6;1;15;9;9,538;-84,113;35,7;4
2015;11;24;17;23;10,154;-84,111;95,1;4,2
2013;12;22;22;52;10,248;-84,11;80;4,6
2013;6;13;2;59;9,451;-84,109;45,3;4,6
2012;6;9;14;58;9,17;-84,106;31,5;4,7
2016;1;22;13;39;8,897;-84,106;9;4
2017;5;21;19;58;8,865;-84,105;0;4
2016;11;30;21;50;8,867;-84,103;5;4,7
2010;8;15;12;36;8,98;-84,1;13,8;5
2016;7;23;5;26;8,879;-84,099;0;4,4
2017;7;22;0;26;8,846;-84,097;10;4,1
2014;8;31;10;19;8,881;-84,093;5,3;4,2
2014;11;1;7;23;9,894;-84,091;6,3;4,3
2016;10;25;22;35;9,421;-84,091;44,5;4,3
2015;3;3;22;34;8,806;-84,09;5;4,3
2016;8;17;16;6;9,662;-84,09;19,5;4,6
2014;8;31;10;1;8,901;-84,088;0;5,2
2011;10;23;20;12;10,286;-84,087;5;4,4
2014;10;14;3;31;8,707;-84,087;33,4;5
2016;10;7;19;37;8,935;-84,083;5;4,2
2017;4;8;18;16;9,004;-84,082;0;4,6
2017;6;22;1;14;10,161;-84,082;4,2;4,1
2012;4;5;22;10;8,871;-84,078;5;4
2012;4;8;2;2;9,231;-84,075;23,3;4
2010;11;18;11;55;9,019;-84,074;32;4,3
2013;3;4;2;36;9,139;-84,068;26;4,2
2013;7;6;21;38;8,925;-84,068;10;4,1
2013;7;7;12;46;8,939;-84,063;0,2;4,2
2015;4;18;23;33;9,535;-84,062;47,9;4,7
2012;2;12;20;38;9,07;-84,061;0,1;4,3
2016;1;17;11;0;9,26;-84,057;37,2;4
2014;8;3;6;29;9,49;-84,053;51,1;4
2015;1;14;4;10;8,894;-84,048;4;4,1
2013;6;5;4;52;8,694;-84,047;0,1;4
2013;3;1;22;17;9,741;-84,043;58,5;4
2010;3;6;4;49;9,995;-84,038;6;4,8
2015;10;1;17;51;9,481;-84,037;47;4,7
2015;1;10;6;56;8,897;-84,036;5;5,2
2010;5;8;11;58;10,109;-84,034;86,3;4,2
2015;11;23;14;43;8,895;-84,034;0;4,4
2010;1;31;20;54;10,088;-84,032;86;4,5
2010;10;14;17;28;9,514;-84,028;55;4
2010;10;18;17;36;8,866;-84,028;20;4
2012;3;5;18;43;8,208;-84,026;20;4,7
2011;2;20;13;6;8,994;-84,017;0,8;4,3
2011;3;3;6;42;9,128;-84,011;30;4,8
2015;7;13;22;3;10,089;-84,01;5,6;4,1
2010;3;26;20;8;8,715;-84,007;20,2;4,4
2012;12;13;17;20;8,962;-84,007;10;5,4
2010;9;24;15;3;9,902;-84,002;78;4,3
2010;3;15;13;21;8,907;-83,995;0,2;4,2
2014;10;14;3;31;8,954;-83,991;10;5,2
2010;4;1;21;44;8,675;-83,99;20;4,2
2011;3;11;23;32;9,811;-83,99;20;4,5
2012;10;29;20;37;8,971;-83,985;8;4
2015;10;31;15;10;10,181;-83,985;2,5;4,8
2014;11;21;4;56;9,398;-83,977;52,7;4,2
2011;5;10;16;56;9,046;-83,966;20;4,2
2016;10;26;22;27;9,417;-83,964;52,9;4,4
2012;3;16;5;29;9,224;-83,962;39,5;4
2012;11;22;13;13;8,693;-83,956;20;4
2012;12;6;6;23;10,026;-83,955;5,5;4,1
2012;12;2;13;19;9,081;-83,954;28,4;4
2010;12;30;3;44;11,099;-83,951;7,2;4,2
2011;4;7;0;59;8,869;-83,949;0;4,4
2016;2;3;15;40;10,162;-83,943;4,1;4,4
2010;5;1;11;53;10,106;-83,938;15,4;4
2010;4;11;6;28;9,038;-83,928;34;4,8
2014;3;9;10;34;8,411;-83,924;5,7;4,3
2010;10;4;2;29;9,075;-83,918;26,4;4,4
2013;1;22;21;29;9,747;-83,917;4,4;4,1
2011;7;6;0;1;9,509;-83,911;0,2;4,4
2016;4;15;11;28;8,321;-83,909;0,8;4,3
2014;3;14;23;30;10,238;-83,906;7,4;4,2
2011;7;7;0;1;9,35;-83,902;9;4,4
2011;2;25;2;20;7,695;-83,899;6;4,4
2013;9;1;6;28;8,982;-83,897;10,4;4,7
2017;6;8;14;6;9,991;-83,876;4,5;4,2
2015;5;26;2;50;9,945;-83,874;5;4,9
2016;9;3;22;6;9,382;-83,874;27,4;5,1
2013;9;1;18;28;9,006;-83,873;15,3;4,7
2015;7;18;6;14;9,963;-83,872;1,9;4,3
2010;5;8;8;37;9,661;-83,87;0;4
2016;7;25;0;32;9,433;-83,87;4,1;4,2
2010;11;6;7;31;10,061;-83,869;103,9;4,3
2016;5;6;17;59;9,578;-83,868;26,8;4,1
2016;8;7;6;9;10,579;-83,864;15;4,9
2010;4;1;20;50;9,018;-83,861;20;5
2012;8;31;14;13;9,393;-83,854;3,6;4
2016;9;10;5;28;9,41;-83,85;24,7;4,3
2011;9;28;22;25;9,378;-83,849;10,1;4,7
2015;11;21;23;58;8,888;-83,849;5;4,9
2010;1;16;21;33;8,406;-83,847;7,3;4,2
2014;12;17;14;38;9,992;-83,847;4,6;4,1
2012;3;19;16;38;9,159;-83,846;28,3;4,3
2016;12;31;11;31;9,932;-83,839;0,3;4
2010;3;2;7;55;9,995;-83,824;6;4,8
2016;12;1;0;33;9,99;-83,81;2,8;4,2
2016;12;1;1;5;9,98;-83,806;1,6;4,5
2016;12;1;1;20;9,996;-83,806;3;4
2015;3;23;5;55;8,635;-83,8;5;4,1
2016;8;18;23;44;8,426;-83,793;9,6;4,1
2016;12;1;0;25;9,959;-83,792;2,4;5,5
2014;10;22;15;46;9,255;-83,777;14,5;4,1
2016;1;18;0;46;9,465;-83,776;23,9;4,2
2013;11;13;15;26;9,34;-83,77;36;4
2016;5;24;20;17;10,001;-83,763;3,5;4
2017;1;6;15;9;8,431;-83,763;9,6;4
2012;9;7;2;10;8,638;-83,761;20;4,1
2012;3;13;18;19;9,178;-83,754;45,6;4,1
2012;2;12;23;8;9,161;-83,722;6,3;4
2016;2;20;11;31;8,486;-83,697;0,9;5,2
2017;5;9;14;18;9,246;-83,693;29,8;4
2012;9;26;0;20;10,73;-83,69;10;4,2
2012;9;30;16;6;10,719;-83,688;9;4,1
2016;8;25;13;34;9,015;-83,666;39,9;4,6
2014;6;14;7;9;8,708;-83,654;5,1;4,1
2017;4;14;1;37;9,264;-83,632;16,3;4,4
2012;6;26;3;16;9,979;-83,583;15;4,1
2016;6;27;7;12;10,109;-83,557;0,1;4
2016;6;27;7;12;10,086;-83,556;5;4,3
2013;10;2;7;33;7,983;-83,503;13;5,1
2014;10;10;6;22;8,183;-83,487;0;4,6
2013;5;3;12;51;8,228;-83,458;15,1;4,3
2012;6;4;0;45;7,441;-83,441;20;5,7
2017;4;2;13;7;8,678;-83,435;26,4;4,3
2011;8;24;17;49;7,249;-83,43;20;4,9
2015;5;5;9;47;8,125;-83,428;5;4,1
2014;10;12;6;25;7,752;-83,417;39,9;4,8
2014;1;10;21;58;8,055;-83,41;16,9;4,4
2012;4;22;22;18;7,99;-83,409;0,7;4,2
2010;1;23;9;42;8,281;-83,407;20;4,9
2011;8;7;15;17;7,781;-83,392;32,1;4,3
2012;6;3;11;55;7,724;-83,376;8,2;4,3
2014;10;16;5;40;8,06;-83,373;0;4,7
2014;10;22;23;20;7,535;-83,352;26,3;4,4
2015;8;29;15;31;8,13;-83,351;1,8;4,4
2014;7;24;3;0;8,764;-83,348;15,9;4
2010;6;16;11;27;7,949;-83,345;20;4
2011;3;13;17;34;8,637;-83,342;8,3;4
2016;10;9;7;0;8,709;-83,329;15;4,3
2011;7;21;19;55;8,193;-83,327;15;5,2
2010;8;27;20;16;9,325;-83,325;14,5;4,3
2010;1;23;11;30;8,382;-83,324;19;4
2013;11;25;17;11;9,962;-83,319;10,1;4,1
2012;5;9;1;26;7,868;-83,317;20;4,3
2015;7;21;1;2;8,596;-83,307;8,9;4
2013;4;30;3;22;8,663;-83,302;11,8;4,3
2014;10;10;10;52;7,679;-83,299;0;4,9
2017;7;14;16;45;8,114;-83,293;9,5;4,4
2010;8;27;14;52;9,425;-83,279;2;4
2013;5;1;3;22;8,66;-83,277;13,1;4,3
2012;6;13;1;53;8,149;-83,273;20;4
2010;10;11;4;3;7,094;-83,268;0;4,5
2010;2;7;21;10;7,775;-83,264;20;4,5
2014;8;10;20;37;10,055;-83,26;9,9;4,1
2014;10;22;23;10;7,777;-83,243;38,7;4
2013;1;1;7;13;8,602;-83,236;25,2;4,1
2014;8;5;6;17;9,98;-83,232;6,7;4,1
2014;2;21;7;24;8,576;-83,23;8,4;4
2016;1;16;23;8;8,615;-83,23;11,7;4,1
2010;9;9;9;35;9,37;-83,228;11;4,3
2017;2;1;4;42;7,912;-83,222;11,7;4
2012;8;27;17;46;8,73;-83,221;10,4;4
2017;6;2;3;42;8,538;-83,22;15,5;4
2017;6;1;9;21;8,509;-83,216;15;4,4
2013;2;1;7;13;8,597;-83,213;25,5;4,1
2011;7;5;0;12;10,457;-83,208;1,4;4,3
2011;8;14;15;9;8,032;-83,208;20;4
2016;5;23;13;54;8,517;-83,206;3;4,4
2011;9;9;21;29;8,447;-83,205;2;5,1
2010;10;21;0;33;8,643;-83,203;1,1;4
2012;9;12;10;5;8,068;-83,198;77,1;4,2
2013;4;24;7;35;10,068;-83,196;11,6;4,3
2010;7;28;21;53;8,55;-83,194;13,5;4,5
2010;8;27;11;38;9,256;-83,191;16,7;4
2011;9;9;21;29;8,433;-83,191;2,9;4,2
2010;1;23;9;8;8,306;-83,184;3;5
2010;8;17;1;20;8,858;-83,177;2;4,3
2014;1;5;19;6;8,591;-83,177;1;4,3
2010;6;6;22;34;10,51;-83,176;4,2;4
2011;9;8;12;2;8,33;-83,166;0,9;4,2
2013;1;2;5;25;9,23;-83,148;11,7;4
2012;5;22;3;25;7,905;-83,147;0,6;4,1
2013;3;3;0;49;8,393;-83,144;10,2;4,1
2015;1;7;21;40;8,188;-83,144;5;4
2016;8;17;16;22;8,631;-83,135;13,8;4,6
2011;5;5;7;45;8,735;-83,133;3,5;4
2013;1;2;5;35;9,224;-83,133;12,5;4,1
2011;12;7;5;50;10,495;-83,126;13,1;4
2014;10;10;6;22;8,357;-83,126;12,7;5,2
2013;7;6;7;55;8,451;-83,125;12,4;4,1
2014;10;10;10;52;8,445;-83,123;5;4,6
2015;6;21;7;27;10,115;-83,122;21,1;5
2015;7;11;6;33;8,466;-83,122;10,9;4
2016;8;9;13;21;7,388;-83,119;5;4,3
2014;10;16;5;41;8,454;-83,112;6,3;4,4
2012;5;26;1;30;10,511;-83,11;7,8;4
2014;3;30;5;58;10,568;-83,104;19,6;4,1
2014;10;12;6;25;8,445;-83,097;12,9;4,9
2014;3;14;9;55;8,452;-83,096;0;4,2
2012;5;28;8;44;10,483;-83,086;16,7;4,1
2016;2;1;14;25;10,555;-83,086;10,5;4
2017;7;8;15;14;10,618;-83,084;0,1;4,2
2013;7;19;5;48;8,268;-83,081;2;4
2014;10;22;23;20;8,386;-83,081;12,7;4,6
2010;5;23;18;34;10,436;-83,079;0,5;4
2014;12;8;18;6;7,789;-83,079;10,6;4,3
2015;11;30;22;57;10,574;-83,077;15;4,2
2010;1;22;8;13;8,052;-83,075;0,5;4,3
2013;5;27;8;35;8,59;-83,072;4,3;4,1
2014;11;17;19;28;8,667;-83,072;49,3;4,5
2011;9;25;19;6;8,071;-83,06;6,2;4,2
2012;12;14;10;3;10,563;-83,06;12;4,3
2016;1;19;10;20;8,167;-83,059;5;4,1
2017;1;21;4;54;8,395;-83,059;28,2;4,7
2014;3;30;14;8;8,393;-83,058;4;4,4
2013;5;27;8;36;8,57;-83,054;41,5;4,2
2017;7;10;9;27;8,175;-83,043;15;4
2010;2;9;18;22;8,459;-83,042;18;5,1
2010;1;23;10;55;8,303;-83,036;15;4,2
2010;1;23;11;35;8,362;-83,032;15;4
2010;1;25;7;17;8,322;-83,029;15;4,2
2010;12;29;17;13;9,956;-83,029;6;4,9
2010;1;23;22;14;8,416;-83,025;15;4
2011;5;21;8;37;8,67;-83,025;14,3;5,2
2016;6;4;22;19;9,004;-83,025;8,7;4,3
2012;9;18;17;28;9,514;-83,019;20;4,2
2010;1;23;10;24;8,32;-83,018;15;4,2
2010;12;14;23;41;8,907;-83,018;12,8;4
2013;12;23;8;59;8,664;-83,018;22,7;4,3
2012;7;22;22;46;7,966;-83,017;3,9;4,3
2012;9;28;7;48;8,287;-83,017;18,9;4,2
2013;12;19;3;5;8,248;-83,015;27,7;4,9
2017;5;28;1;58;7,12;-83,014;15;4
2015;1;12;4;2;8,287;-83,011;5;4,5
2010;1;19;7;6;8,37;-83,008;0,1;4,7
2016;3;1;8;22;8,334;-83,007;1,1;4,3
2010;1;23;20;16;8,334;-83,004;15;4
2010;1;23;20;22;8,32;-83,004;5;4,8
2013;10;26;22;34;8,316;-83,004;7,6;4,5
2015;1;12;8;7;8,27;-83,004;5,1;4,3
2010;1;23;14;36;8,224;-83,001;15;5
2010;7;12;7;53;8,07;-83;14,4;4,5
2011;2;24;10;3;8,659;-82,998;2,4;4
2015;6;17;23;32;8,297;-82,995;10;4
2010;1;23;20;19;8,341;-82,993;15;4,2
2010;5;2;12;55;10,453;-82,993;20;4
2013;2;8;6;59;7,861;-82,992;13,5;4
2014;7;5;16;29;7,765;-82,992;5,4;4
2013;3;24;13;14;8,338;-82,989;2,6;4
2014;4;19;22;28;8,083;-82,986;0;4,2
2011;2;7;5;46;8,492;-82,982;20;4,8
2014;1;30;6;16;8,218;-82,981;8,8;4,5
2010;8;1;4;51;8,818;-82,98;20;4
2016;7;12;22;57;7,964;-82,979;12,7;4,1
2011;3;10;4;26;7,776;-82,978;10;5
2013;3;20;7;27;8,279;-82,976;12,2;4,4
2010;7;13;7;53;8,115;-82,974;14;4,5
2010;7;29;14;31;8,868;-82,972;28;4,7
2010;1;23;20;41;8,34;-82,971;5;4,2
2016;8;18;22;49;8,472;-82,971;29,8;4,5
2016;10;23;9;57;8,568;-82,97;30;4,8
2015;1;11;16;34;8,33;-82,968;5;4,7
2014;8;1;10;54;8,345;-82,967;0;4,5
2010;9;12;13;26;9,006;-82,965;5;4,8
2010;1;23;18;4;8,379;-82,963;15;4
2016;3;2;1;11;9,904;-82,963;16;4,1
2017;4;10;18;2;8,285;-82,963;12,6;4
2010;11;24;7;6;7,693;-82,962;20;4,5
2010;5;12;13;56;11,356;-82,955;13;5
2010;1;25;4;12;8,273;-82,948;15;4
2016;8;30;15;48;8,611;-82,948;18,8;4,3
2016;10;30;15;9;7,171;-82,948;14,5;4,4
2013;12;21;20;41;7,867;-82,947;12,9;4,4
2010;7;22;18;39;8,496;-82,945;11;4,5
2012;12;9;14;9;8,816;-82,945;25,8;4
2016;11;19;12;2;8,313;-82,945;15;4
2013;12;11;17;0;8,365;-82,944;20;4
2010;1;25;4;14;8,24;-82,936;15;4,5
2010;12;7;1;53;8,269;-82,933;3;4,2
2012;6;5;14;23;7,874;-82,927;2;4,4
2015;10;23;5;14;9,675;-82,924;1,4;4,2
2013;11;28;10;15;8,224;-82,922;5;4,4
2010;2;4;1;24;8,253;-82,919;0,2;4,4
2011;10;1;1;40;8,304;-82,919;0,1;4,3
2016;8;10;11;5;8,338;-82,913;5;4,4
2016;5;4;11;4;8,295;-82,907;5;4,3
2011;12;2;18;58;8,37;-82,906;18,4;5,1
2016;6;12;10;7;7,916;-82,905;15;4,2
2017;1;12;23;45;8,565;-82,903;31,9;4,1
2010;9;20;6;40;8,852;-82,9;12,9;4,7
2017;4;7;22;13;8,664;-82,898;64,3;4,1
2011;12;2;6;57;8,296;-82,897;14,4;4,7
2013;2;1;9;24;8,969;-82,889;20;4,2
2015;1;31;18;55;7,603;-82,887;1,2;4,9
2016;6;5;21;20;8,371;-82,886;14;4,8
2012;12;29;0;20;8,05;-82,88;10;4,1
2017;4;24;5;56;7,135;-82,88;35;4,3
2012;2;1;19;5;8,226;-82,877;0,2;4
2013;3;1;9;24;8,958;-82,876;20;4,2
2015;2;1;6;46;7,549;-82,873;17,4;4,1
2012;4;12;9;42;8,91;-82,87;9,9;4,3
2014;7;16;3;5;8,001;-82,87;0;4
2010;1;28;14;59;8,888;-82,865;17;4,2
2013;12;24;14;3;8,805;-82,865;21,3;4
2015;10;31;20;22;8,306;-82,864;5;4,5
2016;2;14;1;36;8,869;-82,863;22,9;4
2011;6;3;10;40;8,4;-82,859;20;4
2016;1;31;12;20;8,589;-82,853;23,1;4,5
2010;1;22;23;14;8,012;-82,852;0,4;4,2
2013;8;27;19;51;8,939;-82,851;9,8;4,4
2016;2;27;20;8;7,242;-82,85;0;4,6
2011;4;25;0;49;8,33;-82,849;15;4,8
2015;11;2;10;36;8,321;-82,849;18,8;4,6
2014;5;5;0;12;8,374;-82,846;20,8;4,5
2016;5;16;21;54;8,333;-82,846;0;4,6
2010;10;9;3;29;8,054;-82,845;17,7;4,4
2013;3;13;17;46;7,441;-82,843;23,1;4,2
2013;3;13;18;23;7,435;-82,843;18,8;4,6
2011;4;28;2;44;7,222;-82,839;20;4,5
2014;3;18;17;7;8,351;-82,839;24,8;4,1
2014;4;19;13;36;8,505;-82,838;16,2;4,5
2015;5;6;15;30;8,213;-82,838;9,8;4
2010;10;9;3;25;8,064;-82,835;18;5,3
2010;1;21;18;2;8,007;-82,833;20;4,2
2012;11;23;9;13;8,482;-82,833;38;4
2013;1;26;9;27;8,97;-82,833;11,5;4,1
2017;3;18;5;0;8,242;-82,832;15;4,1
2012;10;15;20;29;8,877;-82,831;21,6;4,1
2015;3;9;0;4;8,332;-82,831;13,1;4,1
2016;3;7;18;30;8,294;-82,83;13,5;4,3
2011;5;12;4;6;8,066;-82,829;2,4;4,4
2013;10;1;14;51;8,283;-82,829;14,6;4
2011;2;28;22;9;10,045;-82,828;12;4,7
2017;3;17;10;19;8,925;-82,828;20,2;4,2
2011;8;4;5;12;8,258;-82,826;18;5,3
2013;1;28;20;20;8,949;-82,825;9,1;4,4
2017;1;7;5;24;8,108;-82,824;15;4
2016;2;13;21;21;8,647;-82,821;16,3;5,1
2013;3;24;21;13;8,172;-82,82;20;4,2
2011;11;1;10;42;8,064;-82,819;24;4
2014;4;16;13;37;8,291;-82,818;8,8;5
2014;12;2;2;29;8,46;-82,817;53,1;4
2013;3;14;3;46;7,461;-82,815;24,2;5,5
2013;6;10;0;57;8,331;-82,813;13,8;4,3
2013;10;2;2;51;8,229;-82,812;13,9;4
2010;1;23;14;43;8,023;-82,81;15;5,3
2015;11;2;10;23;8,326;-82,81;16,7;4,7
2016;8;9;1;59;8,258;-82,809;15;4,2
2014;3;15;16;26;8,281;-82,808;8,7;4,2
2013;4;12;10;30;8,283;-82,807;3,6;4,2
2013;9;24;3;41;8,33;-82,805;25;4,7
2016;5;4;7;4;8,141;-82,805;5;4,6
2014;4;30;9;52;7,15;-82,802;34,7;4,7
2014;12;8;17;59;7,86;-82,8;5,2;4,5
2011;6;20;16;53;8,948;-82,799;0,4;4
2013;7;22;4;50;8,276;-82,799;5,9;4
2015;9;19;3;5;8,387;-82,798;22,2;4,6
2015;5;17;21;2;8,243;-82,797;10;4,2
2013;3;14;6;38;7,476;-82,796;21,3;4,2
2013;3;14;3;57;7,481;-82,795;24;4,2
2013;12;9;15;24;8,698;-82,794;20;4,5
2010;1;24;13;46;8,297;-82,793;15;4,3
2014;12;8;8;54;7,707;-82,793;8,9;6,6
2016;6;2;12;8;8,112;-82,791;29,7;4,4
2016;12;21;5;20;11,451;-82,791;0;4
2016;10;20;2;13;8,197;-82,79;15;4,2
2013;5;2;12;5;7,854;-82,789;26,2;4,2
2011;9;21;6;45;8,185;-82,785;6,5;4,3
2014;1;31;1;24;8,221;-82,784;12,1;4,2
2016;1;31;11;38;8,617;-82,783;21,1;5,5
2013;3;13;21;51;7,421;-82,78;5,9;4,1
2015;2;28;16;36;7,845;-82,78;10,9;4
2015;7;11;1;54;8,158;-82,78;10;4,7
2013;4;7;15;32;8,33;-82,778;32;4,1
2015;2;12;5;57;7,903;-82,778;5;4
2013;12;4;5;47;8,321;-82,774;20;4,4
2013;3;8;17;14;8,328;-82,773;17,9;4,1
2013;5;27;15;22;9,266;-82,769;1;4,3
2013;12;17;0;56;8,214;-82,768;10,5;4
2014;2;6;12;53;8,181;-82,766;12;4
2012;12;16;3;24;8,271;-82,764;0,5;4
2010;3;10;23;9;7,865;-82,762;12,3;4,2
2016;9;4;6;7;8,185;-82,752;18,1;4,8
2015;5;15;14;8;8,161;-82,746;5;4,4
2013;4;22;6;59;7,641;-82,745;0,4;4,1
2012;3;9;20;26;8,393;-82,743;0,2;4
2016;1;3;2;24;7,002;-82,743;10;4,4
2012;8;13;19;59;8,277;-82,742;20;4,1
2010;5;7;10;48;10,335;-82,741;12,2;4
2011;2;14;15;11;9,362;-82,734;8,4;4,2
2016;10;29;2;55;8,243;-82,733;26,6;4,5
2014;8;22;18;19;9,651;-82,732;9;4,2
2010;6;15;20;55;9,927;-82,731;8;4
2012;11;17;20;0;7,905;-82,73;0,5;4,8
2016;2;9;0;54;8,106;-82,727;9,7;4,4
2016;1;3;7;6;8,208;-82,725;1,8;4,8
2017;5;1;23;9;8,411;-82,722;27;4,1
2014;7;10;15;1;9,892;-82,714;36,8;4,1
2010;5;13;9;58;9,287;-82,711;9;4,4
2015;11;12;9;35;8,318;-82,711;5;4,3
2015;5;19;2;20;9,304;-82,71;0,6;4
2014;12;6;17;21;7,874;-82,709;5;6
2013;5;27;9;41;9,319;-82,708;15,4;5,6
2010;1;22;14;25;8,652;-82,707;1,8;4,3
2015;12;9;15;41;7,868;-82,707;10,7;4,7
2017;1;5;1;55;8,28;-82,707;15;4,4
2013;4;7;15;37;8,335;-82,706;34,7;4,1
2014;12;8;14;13;7,853;-82,701;8,6;4
2011;7;5;5;2;8,984;-82,698;1,1;4
2017;3;22;1;33;7,26;-82,697;10;4
2010;8;16;10;16;9,322;-82,694;0,2;4,3
2010;7;3;2;51;8,387;-82,691;6,4;4
2010;8;3;16;5;8,204;-82,685;20;4
2014;12;8;18;44;7,812;-82,683;3;5,4
2010;2;12;14;26;8,454;-82,682;15;4
2017;6;10;0;27;7,78;-82,681;15;4,2
2011;7;2;2;51;8,145;-82,657;35,7;4,2
2011;3;27;2;47;8,513;-82,652;2,3;4,5
2012;7;6;4;16;7,702;-82,65;10,3;4,2
2011;5;4;22;57;8,447;-82,649;20;4
2012;5;22;6;24;9,478;-82,638;6,6;4
2012;4;23;6;0;8,651;-82,637;56,3;4
2012;2;28;8;0;8,068;-82,63;11,4;4
2015;6;25;2;53;7,915;-82,625;5;5,1
2017;2;19;2;45;8,212;-82,62;32,4;4,2
2014;9;17;8;39;7,406;-82,617;5;4,4
2015;3;14;18;46;7,982;-82,616;12,9;4,2
2013;4;22;8;42;7,818;-82,614;3;4
2014;12;31;2;18;8,318;-82,602;3;4,2
2015;2;17;3;42;9,672;-82,602;2,7;4,1
2011;7;17;1;56;8,321;-82,598;20;4
2014;5;27;1;53;8,143;-82,594;15,7;4
2011;8;15;8;43;8,262;-82,592;35,2;4,4
2014;1;12;19;18;8,315;-82,586;0,2;4,4
2013;8;11;20;35;8,291;-82,584;18;4,4
2011;3;25;7;34;8,147;-82,582;15,7;4,3
2016;3;2;18;37;7,741;-82,58;34,6;4,1
2013;1;31;3;1;8,237;-82,577;25,6;4,5
2012;4;4;5;11;9,16;-82,576;0,8;4
2011;11;29;20;46;8,67;-82,575;14;4,4
2012;12;15;20;32;8,098;-82,575;13,9;4
2014;9;16;16;52;7,463;-82,575;3,3;4,3
2013;10;27;15;28;8,258;-82,574;31,1;5,3
2014;12;16;5;25;8,873;-82,558;13,9;4,2
2014;12;8;9;22;7,915;-82,556;4,8;4
2016;6;28;8;10;8,255;-82,551;15;4,2
2017;2;20;4;52;8,13;-82,542;26,7;4,1
2010;1;28;18;32;8,021;-82,53;0,7;4,4
2017;4;3;20;25;8,899;-82,53;10;4,8
2010;4;14;5;19;8,658;-82,524;1,4;4,2
2012;4;12;22;23;8,336;-82,523;14;4,1
2011;1;19;3;56;8,5;-82,519;20;4,2
2010;5;26;10;3;7,245;-82,515;0,1;4,3
2017;4;2;23;54;8,905;-82,514;10;5,8
2014;5;13;13;33;7,169;-82,504;36,4;4,1
2010;1;22;9;51;8,244;-82,494;36,3;4
2014;5;13;7;3;7,031;-82,491;20;4
2014;9;16;16;49;7,449;-82,491;5,2;5,1
2016;11;17;8;22;7,588;-82,486;1,7;4,9
2013;10;11;16;11;8,734;-82,478;2;4,1
2014;12;9;4;0;7,699;-82,478;10;4
2013;9;1;9;28;7,415;-82,456;5;4
2014;7;24;20;17;9,193;-82,456;0,8;4,3
2013;10;6;8;45;7,401;-82,452;5;4
2014;5;15;9;9;7,128;-82,446;25,5;4,4
2013;4;7;18;41;7,845;-82,445;19,1;4,1
2014;5;14;9;46;7,117;-82,444;35,3;5,1
2012;11;16;8;25;7,278;-82,442;2,6;4,3
2010;5;13;21;18;7,078;-82,44;3,1;4,4
2016;1;20;16;12;7,36;-82,437;10,3;4,1
2016;11;6;13;11;7,531;-82,432;5;4,2
2015;5;30;13;41;9,775;-82,422;23,7;4,4
2014;5;13;13;17;7,05;-82,411;34,9;4,5
2011;3;19;5;51;7,54;-82,41;20;4,8
2013;3;27;2;39;8,776;-82,409;6,4;4
2014;5;13;8;39;7,184;-82,406;14,8;4,6
2011;3;26;10;15;7,979;-82,404;30,3;4,2
2016;7;23;19;50;8,164;-82,404;15;4,5
2010;10;25;4;5;7,213;-82,399;0;4,5
2017;3;1;1;17;8,744;-82,398;4,4;4,3
2014;5;14;5;28;7,394;-82,397;20;5,4
2014;5;13;21;59;7,089;-82,396;20;4,7
2013;3;12;13;41;8,761;-82,392;2,7;4,5
2011;6;19;16;34;7,121;-82,381;7,5;5,1
2010;11;6;22;26;7,596;-82,38;20;4,3
2014;11;17;17;56;7,069;-82,366;13;4,1
2010;4;13;14;42;7,394;-82,365;20;4,4
2010;5;21;7;59;9,417;-82,343;38;4,5
2013;5;26;1;51;8,532;-82,343;0,1;4,1
2011;9;6;16;11;7,066;-82,33;10;5
2014;4;2;18;19;7,659;-82,329;7;4,1
2015;2;12;15;17;7,548;-82,314;10;4,6
2016;5;2;22;3;7,552;-82,309;10;4,4
2011;7;20;15;51;7,092;-82,307;20,1;5,2
2014;4;5;5;50;7,831;-82,3;6,9;4,1
2012;4;14;22;38;8,551;-82,297;19;4,1
2015;8;23;15;51;7,309;-82,275;15;4,2
2016;1;5;15;21;7,295;-82,199;0;4,4
2011;12;21;16;35;7,273;-82,119;20;4,3
2013;6;23;3;41;7,56;-82,116;3,9;4
2012;4;20;9;34;7,018;-82,065;20;4,4
2013;6;22;12;25;7,446;-82,056;4,6;4,5
2016;1;5;10;11;7,271;-82,054;5,7;4,4
2015;2;13;3;33;7,114;-82,045;34,2;4,3
2013;10;5;18;10;9,284;-82,037;16,5;4,1
2011;9;5;11;21;7,717;-82,022;20;5
2013;10;4;6;10;9,302;-82,022;15,3;4,2
2010;11;5;18;33;7,665;-82,014;21,4;4,4
